albert_park,Albert Park Grand Prix Circuit
sepang,Sepang International Circuit
bahrain,Bahrain International Circuit
catalunya,Circuit de Barcelona-Catalunya
istanbul,Istanbul Park
monaco,Circuit de Monaco
villeneuve,Circuit Gilles Villeneuve
magny_cours,Circuit de Nevers Magny-Cours
silverstone,Silverstone Circuit
hockenheimring,Hockenheimring
hungaroring,Hungaroring
valencia,Valencia Street Circuit
spa,Circuit de Spa-Francorchamps
monza,Autodromo Nazionale di Monza
marina_bay,Marina Bay Street Circuit
fuji,Fuji Speedway
shanghai,Shanghai International Circuit
interlagos,Autódromo José Carlos Pace
indianapolis,Indianapolis Motor Speedway
nurburgring,Nürburgring
imola,Autodromo Enzo e Dino Ferrari
suzuka,Suzuka Circuit
osterreichring,A1-Ring
yas_marina,Yas Marina Circuit
galvez,Autódromo Juan y Oscar Gálvez
jerez,Circuito de Jerez
estoril,Autódromo do Estoril
okayama,Okayama International Circuit
adelaide,Adelaide Street Circuit
kyalami,Kyalami
donington,Donington Park
rodriguez,Autódromo Hermanos Rodríguez
phoenix,Phoenix street circuit
ricard,Circuit Paul Ricard
yeongam,Korean International Circuit
jacarepagua,Autódromo Internacional Nelson Piquet
detroit,Detroit Street Circuit
brands_hatch,Brands Hatch
zandvoort,Circuit Park Zandvoort
zolder,Zolder
dijon,Dijon-Prenois
dallas,Fair Park
long_beach,Long Beach
las_vegas,Las Vegas Street Circuit
jarama,Jarama
watkins_glen,Watkins Glen
anderstorp,Scandinavian Raceway
mosport,Mosport International Raceway
montjuic,Montjuïc
nivelles,Nivelles-Baulers
charade,Charade Circuit
tremblant,Circuit Mont-Tremblant
essarts,Rouen-Les-Essarts
lemans,Le Mans
reims,Reims-Gueux
george,Prince George Circuit
zeltweg,Zeltweg
aintree,Aintree
boavista,Circuito da Boavista
riverside,Riverside International Raceway
avus,AVUS
monsanto,Monsanto Park Circuit
sebring,Sebring International Raceway
ain-diab,Ain Diab
pescara,Pescara Circuit
bremgarten,Circuit Bremgarten
pedralbes,Circuit de Pedralbes
buddh,Buddh International Circuit
americas,Circuit of the Americas
red_bull_ring,Red Bull Ring
sochi,Sochi Autodrom
port_imperial,Port Imperial Street Circuit
BAK,Baku City Circuit
hanoi,Hanoi Street Circuit
