hamilton,Lewis Hamilton,British
heidfeld,Nick Heidfeld,German
rosberg,Nico Rosberg,German
alonso,Fernando Alonso,Spanish
kovalainen,Heikki Kovalainen,Finnish
nakajima,Kazuki Nakajima,Japanese
bourdais,Sébastien Bourdais,French
raikkonen,Kimi Räikkönen,Finnish
kubica,Robert Kubica,Polish
glock,Timo Glock,German
sato,Takuma Sato,Japanese
piquet_jr,Nelson Piquet Jr.,Brazilian
massa,Felipe Massa,Brazilian
coulthard,David Coulthard,British
trulli,Jarno Trulli,Italian
sutil,Adrian Sutil,German
webber,Mark Webber,Australian
button,Jenson Button,British
davidson,Anthony Davidson,British
vettel,Sebastian Vettel,German
fisichella,Giancarlo Fisichella,Italian
barrichello,Rubens Barrichello,Brazilian
ralf_schumacher,Ralf Schumacher,German
liuzzi,Vitantonio Liuzzi,Italian
wurz,Alexander Wurz,Austrian
speed,Scott Speed,American
albers,Christijan Albers,Dutch
markus_winkelhock,Markus Winkelhock,German
yamamoto,Sakon Yamamoto,Japanese
michael_schumacher,Michael Schumacher,German
montoya,Juan Pablo Montoya,Colombian
klien,Christian Klien,Austrian
monteiro,Tiago Monteiro,Portuguese
ide,Yuji Ide,Japanese
villeneuve,Jacques Villeneuve,Canadian
montagny,Franck Montagny,French
rosa,Pedro de la Rosa,Spanish
doornbos,Robert Doornbos,Dutch
karthikeyan,Narain Karthikeyan,Indian
friesacher,Patrick Friesacher,Austrian
zonta,Ricardo Zonta,Brazilian
pizzonia,Antônio Pizzonia,Brazilian
matta,Cristiano da Matta,Brazilian
panis,Olivier Panis,French
pantano,Giorgio Pantano,Italian
bruni,Gianmaria Bruni,Italian
baumgartner,Zsolt Baumgartner,Hungarian
gene,Marc Gené,Spanish
frentzen,Heinz-Harald Frentzen,German
verstappen,Jos Verstappen,Dutch
wilson,Justin Wilson,British
firman,Ralph Firman,Irish
kiesa,Nicolas Kiesa,Danish
burti,Luciano Burti,Brazilian
alesi,Jean Alesi,French
irvine,Eddie Irvine,British
hakkinen,Mika Häkkinen,Finnish
marques,Tarso Marques,Brazilian
bernoldi,Enrique Bernoldi,Brazilian
mazzacane,Gastón Mazzacane,Argentine
enge,Tomáš Enge,Czech
yoong,Alex Yoong,Malaysian
salo,Mika Salo,Finnish
diniz,Pedro Diniz,Brazilian
herbert,Johnny Herbert,British
mcnish,Allan McNish,British
buemi,Sébastien Buemi,Swiss
takagi,Toranosuke Takagi,Japanese
badoer,Luca Badoer,Italian
zanardi,Alessandro Zanardi,Italian
damon_hill,Damon Hill,British
sarrazin,Stéphane Sarrazin,French
rosset,Ricardo Rosset,Brazilian
tuero,Esteban Tuero,Argentine
nakano,Shinji Nakano,Japanese
magnussen,Jan Magnussen,Danish
berger,Gerhard Berger,Austrian
larini,Nicola Larini,Italian
katayama,Ukyo Katayama,Japanese
sospiri,Vincenzo Sospiri,Italian
morbidelli,Gianni Morbidelli,Italian
fontana,Norberto Fontana,Argentine
lamy,Pedro Lamy,Portuguese
brundle,Martin Brundle,British
montermini,Andrea Montermini,Italian
lavaggi,Giovanni Lavaggi,Italian
blundell,Mark Blundell,British
suzuki,Aguri Suzuki,Japanese
inoue,Taki Inoue,Japanese
moreno,Roberto Moreno,Brazilian
wendlinger,Karl Wendlinger,Austrian
gachot,Bertrand Gachot,Belgian
schiattarella,Domenico Schiattarella,Italian
martini,Pierluigi Martini,Italian
mansell,Nigel Mansell,British
boullion,Jean-Christophe Boullion,French
papis,Massimiliano Papis,Italian
deletraz,Jean-Denis Délétraz,Swiss
tarquini,Gabriele Tarquini,Italian
comas,Érik Comas,French
brabham,David Brabham,Australian
senna,Ayrton Senna,Brazilian
bernard,Éric Bernard,French
fittipaldi,Christian Fittipaldi,Brazilian
alboreto,Michele Alboreto,Italian
beretta,Olivier Beretta,Monegasque
ratzenberger,Roland Ratzenberger,Austrian
belmondo,Paul Belmondo,French
lehto,Jyrki Järvilehto,Finnish
cesaris,Andrea de Cesaris,Italian
gounon,Jean-Marc Gounon,French
alliot,Philippe Alliot,French
adams,Philippe Adams,Belgian
dalmas,Yannick Dalmas,French
noda,Hideki Noda,Japanese
lagorce,Franck Lagorce,French
prost,Alain Prost,French
warwick,Derek Warwick,British
patrese,Riccardo Patrese,Italian
barbazza,Fabrizio Barbazza,Italian
andretti,Michael Andretti,American
capelli,Ivan Capelli,Italian
boutsen,Thierry Boutsen,Belgian
apicella,Marco Apicella,Italian
naspetti,Emanuele Naspetti,Italian
toshio_suzuki,Toshio Suzuki,Japanese
gugelmin,Maurício Gugelmin,Brazilian
poele,Eric van de Poele,Belgian
grouillard,Olivier Grouillard,French
chiesa,Andrea Chiesa,Swiss
modena,Stefano Modena,Italian
amati,Giovanna Amati,Italian
caffi,Alex Caffi,Italian
bertaggia,Enrico Bertaggia,Italian
mccarthy,Perry McCarthy,British
lammers,Jan Lammers,Dutch
piquet,Nelson Piquet,Brazilian
satoru_nakajima,Satoru Nakajima,Japanese
pirro,Emanuele Pirro,Italian
johansson,Stefan Johansson,Swedish
bailey,Julian Bailey,British
chaves,Pedro Chaves,Portuguese
bartels,Michael Bartels,German
hattori,Naoki Hattori,Japanese
nannini,Alessandro Nannini,Italian
schneider,Bernd Schneider,German
barilla,Paolo Barilla,Italian
foitek,Gregor Foitek,Swiss
langes,Claudio Langes,Italian
gary_brabham,Gary Brabham,Australian
donnelly,Martin Donnelly,British
giacomelli,Bruno Giacomelli,Italian
alguersuari,Jaime Alguersuari,Spanish
grosjean,Romain Grosjean,French
kobayashi,Kamui Kobayashi,Japanese
palmer,Jonathan Palmer,British
danner,Christian Danner,German
cheever,Eddie Cheever,American
sala,Luis Pérez-Sala,Spanish
ghinzani,Piercarlo Ghinzani,Italian
weidler,Volker Weidler,German
raphanel,Pierre-Henri Raphanel,French
arnoux,René Arnoux,French
joachim_winkelhock,Joachim Winkelhock,German
larrauri,Oscar Larrauri,Argentine
streiff,Philippe Streiff,French
campos,Adrián Campos,Spanish
schlesser,Jean-Louis Schlesser,French
fabre,Pascal Fabre,French
fabi,Teo Fabi,Italian
forini,Franco Forini,Swiss
laffite,Jacques Laffite,French
angelis,Elio de Angelis,Italian
dumfries,Johnny Dumfries,British
tambay,Patrick Tambay,French
surer,Marc Surer,Swiss
keke_rosberg,Keke Rosberg,Finnish
jones,Alan Jones,Australian
rothengatter,Huub Rothengatter,Dutch
berg,Allen Berg,Canadian
manfred_winkelhock,Manfred Winkelhock,German
lauda,Niki Lauda,Austrian
hesnault,François Hesnault,French
baldi,Mauro Baldi,Italian
bellof,Stefan Bellof,German
acheson,Kenny Acheson,British
watson,John Watson,British
cecotto,Johnny Cecotto,Venezuelan
gartner,Jo Gartner,Austrian
corrado_fabi,Corrado Fabi,Italian
thackwell,Mike Thackwell,New Zealander
serra,Chico Serra,Brazilian
sullivan,Danny Sullivan,American
salazar,Eliseo Salazar,Chilean
guerrero,Roberto Guerrero,Colombian
boesel,Raul Boesel,Brazilian
jarier,Jean-Pierre Jarier,French
villeneuve_sr,Jacques Villeneuve Sr.,Canadian
reutemann,Carlos Reutemann,Argentine
mass,Jochen Mass,German
borgudd,Slim Borgudd,Swedish
pironi,Didier Pironi,French
gilles_villeneuve,Gilles Villeneuve,Canadian
paletti,Riccardo Paletti,Italian
henton,Brian Henton,British
daly,Derek Daly,Irish
mario_andretti,Mario Andretti,American
villota,Emilio de Villota,Spanish
lees,Geoff Lees,British
byrne,Tommy Byrne,Irish
keegan,Rupert Keegan,British
rebaque,Hector Rebaque,Mexican
gabbiani,Beppe Gabbiani,Italian
cogan,Kevin Cogan,American
guerra,Miguel Ángel Guerra,Argentine
stohr,Siegfried Stohr,Italian
zunino,Ricardo Zunino,Argentine
londono,Ricardo Londoño,Colombian
jabouille,Jean-Pierre Jabouille,French
francia,Giorgio Francia,Italian
depailler,Patrick Depailler,French
scheckter,Jody Scheckter,South African
regazzoni,Clay Regazzoni,Swiss
emerson_fittipaldi,Emerson Fittipaldi,Brazilian
kennedy,Dave Kennedy,Irish
south,Stephen South,British
needell,Tiff Needell,British
desire_wilson,Desiré Wilson,South African
ertl,Harald Ertl,Austrian
brambilla,Vittorio Brambilla,Italian
hunt,James Hunt,British
merzario,Arturo Merzario,Italian
stuck,Hans-Joachim Stuck,German
brancatelli,Gianfranco Brancatelli,Italian
ickx,Jacky Ickx,Belgian
gaillard,Patrick Gaillard,French
ribeiro,Alex Ribeiro,Brazilian
peterson,Ronnie Peterson,Swedish
lunger,Brett Lunger,American
ongais,Danny Ongais,American
leoni,Lamberto Leoni,Italian
galica,Divina Galica,British
stommelen,Rolf Stommelen,German
colombo,Alberto Colombo,Italian
trimmer,Tony Trimmer,British
binder,Hans Binder,Austrian
bleekemolen,Michael Bleekemolen,Dutch
gimax,Carlo Franchi,Italian
rahal,Bobby Rahal,American
pace,Carlos Pace,Brazilian
ian_scheckter,Ian Scheckter,South African
pryce,Tom Pryce,British
hoffmann,Ingo Hoffmann,Brazilian
zorzi,Renzo Zorzi,Italian
nilsson,Gunnar Nilsson,Swedish
perkins,Larry Perkins,Australian
hayje,Boy Lunger,Dutch
neve,Patrick Nève,Belgian
purley,David Purley,British
andersson,Conny Andersson,Swedish
dryver,Bernard de Dryver,Belgian
oliver,Jackie Oliver,British
kozarowitzky,Mikko Kozarowitzky,Finnish
sutcliffe,Andy Sutcliffe,British
edwards,Guy Edwards,British
mcguire,Brian McGuire,Australian
schuppan,Vern Schuppan,Australian
heyer,Hans Heyer,German
pilette,Teddy Pilette,Belgian
ashley,Ian Ashley,British
kessel,Loris Kessel,Swiss
takahashi,Kunimitsu Takahashi,Japanese
hoshino,Kazuyoshi Hoshino,Japanese
takahara,Noritake Takahara,Japanese
lombardi,Lella Lombardi,Italian
evans,Bob Evans,British
leclere,Michel Leclère,French
amon,Chris Amon,New Zealander
zapico,Emilio Zapico,Spanish
pescarolo,Henri Pescarolo,French
nelleman,Jac Nelleman,Danish
magee,Damien Magee,British
wilds,Mike Wilds,British
pesenti_rossi,Alessandro Pesenti-Rossi,Italian
stuppacher,Otto Stuppacher,Austrian
brown,Warwick Brown,Australian
hasemi,Masahiro Hasemi,Japanese
donohue,Mark Donohue,American
hill,Graham Hill,British
wilson_fittipaldi,Wilson Fittipaldi,Brazilian
tunmer,Guy Tunmer,South African
keizan,Eddie Keizan,South African
charlton,Dave Charlton,South African
brise,Tony Brise,British
wunderink,Roelof Wunderink,Dutch
migault,François Migault,French
palm,Torsten Palm,Swedish
lennep,Gijs van Lennep,Dutch
fushida,Hiroshi Fushida,Japanese
nicholson,John Nicholson,New Zealander
morgan,Dave Morgan,British
crawford,Jim Crawford,British
vonlanthen,Jo Vonlanthen,Swiss
hulme,Denny Hulme,New Zealander
hailwood,Mike Hailwood,British
beltoise,Jean-Pierre Beltoise,French
ganley,Howden Ganley,New Zealander
robarts,Richard Robarts,British
revson,Peter Revson,American
driver,Paddy Driver,South African
belso,Tom Belsø,Danish
redman,Brian Redman,British
opel,Rikky von Opel,Liechtensteiner
schenken,Tim Schenken,Australian
larrousse,Gérard Larrousse,French
kinnunen,Leo Kinnunen,Finnish
wisell,Reine Wisell,Swedish
roos,Bertil Roos,Swedish
dolhem,José Dolhem,French
gethin,Peter Gethin,British
bell,Derek Bell,British
hobbs,David Hobbs,British
quester,Dieter Quester,Austrian
koinigg,Helmuth Koinigg,Austrian
facetti,Carlo Facetti,Italian
wietzes,Eppie Wietzes,Canadian
cevert,François Cevert,French
stewart,Jackie Stewart,British
beuttler,Mike Beuttler,British
galli,Nanni Galli,Italian
bueno,Luiz Bueno,Brazilian
follmer,George Follmer,American
adamich,Andrea de Adamich,Italian
pretorius,Jackie Pretorius,South African
williamson,Roger Williamson,British
mcrae,Graham McRae,New Zealander
marko,Helmut Marko,Austrian
walker,David Walker,Australian
roig,Alex Soler-Roig,Spanish
love,John Love,Rhodesian
surtees,John Surtees,British
barber,Skip Barber,American
brack,Bill Brack,Canadian
posey,Sam Posey,American
rodriguez,Pedro Rodríguez,Mexican
siffert,Jo Siffert,Swiss
bonnier,Jo Bonnier,Swedish
mazet,François Mazet,French
jean,Max Jean,French
elford,Vic Elford,British
moser,Silvio Moser,Swiss
eaton,George Eaton,Canadian
lovely,Pete Lovely,American
craft,Chris Craft,British
Cannoc,John Cannon,Canadian
jack_brabham,Jack Brabham,Australian
miles,John Miles,British
rindt,Jochen Rindt,Austrian
gavin,Johnny Servoz-Gavin,French
mclaren,Bruce McLaren,New Zealander
courage,Piers Courage,British
klerk,Peter de Klerk,South African
giunti,Ignazio Giunti,Italian
gurney,Dan Gurney,American
hahne,Hubert Hahne,German
hutchison,Gus Hutchison,American
westbury,Peter Westbury,British
tingle,Sam Tingle,Rhodesian
rooyen,Basil van Rooyen,South African
attwood,Richard Attwood,British
pease,Al Pease,Canadian
cordts,John Cordts,Canadian
clark,Jim Clark,British
spence,Mike Spence,British
scarfiotti,Ludovico Scarfiotti,Italian
bianchi,Lucien Bianchi,Belgian
jo_schlesser,Jo Schlesser,French
widdows,Robin Widdows,British
ahrens,Kurt Ahrens,German
gardner,Frank Gardner,Australian
unser,Bobby Unser,American
solana,Moisés Solana,Mexican
anderson,Bob Anderson,British
botha,Luki Botha,South African
bandini,Lorenzo Bandini,Italian
ginther,Richie Ginther,American
parkes,Mike Parkes,British
irwin,Chris Irwin,British
ligier,Guy Ligier,French
rees,Alan Rees,British
hart,Brian Hart,British
fisher,Mike Fisher,American
tom_jones,Tom Jones,American
baghetti,Giancarlo Baghetti,Italian
williams,Jonathan Williams,British
bondurant,Bob Bondurant,American
arundell,Peter Arundell,British
vic_wilson,Vic Wilson,British
taylor,John Taylor,British
lawrence,Chris Lawrence,British
trevor_taylor,Trevor Taylor,British
geki,Giacomo Russo,Italian
phil_hill,Phil Hill,American
ireland,Innes Ireland,British
bucknum,Ronnie Bucknum,American
hawkins,Paul Hawkins,Australian
prophet,David Prophet,British
maggs,Tony Maggs,South African
blokdyk,Trevor Blokdyk,South African
lederle,Neville Lederle,South African
serrurier,Doug Serrurier,South African
niemann,Brausch Niemann,South African
pieterse,Ernie Pieterse,South African
puzey,Clive Puzey,Rhodesian
reed,Ray Reed,South African
clapham,David Clapham,South African
blignaut,Alex Blignaut,South African
gregory,Masten Gregory,American
rhodes,John Rhodes,British
raby,Ian Raby,British
rollinson,Alan Rollinson,British
gubby,Brian Gubby,British
mitter,Gerhard Mitter,German
bussinello,Roberto Bussinello,Italian
vaccarella,Nino Vaccarella,Italian
bassi,Giorgio Bassi,Italian
trintignant,Maurice Trintignant,French
collomb,Bernard Collomb,French
andre_pilette,André Pilette,Belgian
beaufort,Carel Godin de Beaufort,Dutch
barth,Edgar Barth,German
cabral,Mário de Araújo Cabral,Portuguese
hansgen,Walt Hansgen,American
sharp,Hap Sharp,American
mairesse,Willy Mairesse,Belgian
campbell-jones,John Campbell-Jones,British
burgess,Ian Burgess,British
settember,Tony Settember,American
estefano,Nasif Estéfano,Argentine
hall,Jim Hall,American
parnell,Tim Parnell,British
kuhnke,Kurt Kuhnke,German
ernesto_brambilla,Ernesto Brambilla,Italian
lippi,Roberto Lippi,Italian
seiffert,Günther Seiffert,German
abate,Carlo Abate,Italian
starrabba,Gaetano Starrabba,Italian
broeker,Peter Broeker,Canadian
ward,Rodger Ward,American
vos,Ernie de Vos,Dutch
dochnal,Frank Dochnal,American
monarch,Thomas Monarch,American
gasly,Pierre Gasly,French
lewis,Jackie Lewis,British
ricardo_rodriguez,Ricardo Rodríguez,Mexican
seidel,Wolfgang Seidel,German
salvadori,Roy Salvadori,British
pon,Ben Pon,Dutch
slotemaker,Rob Slotemaker,Dutch
marsh,Tony Marsh,British
ashmore,Gerry Ashmore,British
schiller,Heinz Schiller,Swiss
davis,Colin Davis,British
chamberlain,Jay Chamberlain,American
shelly,Tony Shelly,New Zealander
greene,Keith Greene,British
walter,Heini Walter,Swiss
prinoth,Ernesto Prinoth,Italian
penske,Roger Penske,American
schroeder,Rob Schroeder,British
mayer,Timmy Mayer,American
johnstone,Bruce Johnstone,South African
harris,Mike Harris,South African
hocking,Gary Hocking,Rhodesian
vyver,Syd van der Vyver,South African
moss,Stirling Moss,British
trips,Wolfgang von Trips,German
allison,Cliff Allison,British
herrmann,Hans Herrmann,German
brooks,Tony Brooks,British
may,Michael May,Swiss
henry_taylor,Henry Taylor,British
gendebien,Olivier Gendebien,Belgian
scarlatti,Giorgio Scarlatti,Italian
naylor,Brian Naylor,British
bordeu,Juan Manuel Bordeu,Argentine
fairman,Jack Fairman,British
natili,Massimo Natili,Italian
monteverdi,Peter Monteverdi,Swiss
pirocchi,Renato Pirocchi,Italian
duke,Geoff Duke,British
thiele,Alfonso Thiele,American-Italian
boffa,Menato Boffa,Italian
ryan,Peter Ryan,Canadian
ruby,Lloyd Ruby,American
ken_miles,Ken Miles,British
menditeguy,Carlos Menditeguy,Argentine
larreta,Alberto Rodriguez Larreta,Argentine
gonzalez,José Froilán González,Argentine
bonomi,Roberto Bonomi,Argentine
munaron,Gino Munaron,Italian
schell,Harry Schell,American
stacey,Alan Stacey,British
chimeri,Ettore Chimeri,Venezuelan
creus,Antonio Creus,Spanish
bristow,Chris Bristow,British
halford,Bruce Halford,British
daigh,Chuck Daigh,American
reventlow,Lance Reventlow,American
rathmann,Jim Rathmann,American
goldsmith,Paul Goldsmith,American
branson,Don Branson,American
thomson,Johnny Thomson,American
johnson,Eddie Johnson,American
veith,Bob Veith,American
tingelstad,Bud Tingelstad,American
christie,Bob Christie,American
amick,Red Amick,American
darter,Duane Carter,American
homeier,Bill Homeier,American
hartley,Gene Hartley,American
stevenson,Chuck Stevenson,American
grim,Bobby Grim,American
templeman,Shorty Templeman,American
hurtubise,Jim Hurtubise,American
bryan,Jimmy Bryan,American
ruttman,Troy Ruttman,American
sachs,Eddie Sachs,American
freeland,Don Freeland,American
bettenhausen,Tony Bettenhausen,American
weiler,Wayne Weiler,American
foyt,Anthony Foyt,American
russo,Eddie Russo,American
boyd,Johnny Boyd,American
force,Gene Force,American
mcwithey,Jim McWithey,American
sutton,Len Sutton,American
dick_rathmann,Dick Rathmann,American
herman,Al Herman,American
dempsey_wilson,Dempsey Wilson,American
mike_taylor,Mike Taylor,British
flockhart,Ron Flockhart,British
piper,David Piper,British
cabianca,Giulio Cabianca,Italian
drogo,Piero Drogo,Italian
gamble,Fred Gamble,American
owen,Arthur Owen,British
gould,Horace Gould,British
drake,Bob Drake,American
bueb,Ivor Bueb,British
Changy,Alain de Changy,Belgian
filippis,Maria de Filippis,Italian
lucienbonnet,Jean Lucienbonnet,French
testut,André Testut,Monegasque
behra,Jean Behra,French
paul_russo,Paul Russo,American
daywalt,Jimmy Daywalt,American
arnold,Chuck Arnold,American
keller,Al Keller,American
flaherty,Pat Flaherty,American
cheesbourg,Bill Cheesbourg,American
ray_crawford,Ray Crawford,American
turner,Jack Turner,American
weyant,Chuck Weyant,American
larson,Jud Larson,American
magill,Mike Magill,American
shelby,Carroll Shelby,American
orey,Fritz d'Orey,Brazilian
fontes,Azdrubal Fontes,Uruguayan
ashdown,Peter Ashdown,British
bill_moss,Bill Moss,British
dennis_taylor,Dennis Taylor,British
blanchard,Harry Blanchard,American
tomaso,Alessandro de Tomaso,Argentine-Italian
constantine,George Constantine,American
said,Bob Said,American
cade,Phil Cade,American
musso,Luigi Musso,Italian
hawthorn,Mike Hawthorn,British
fangio,Juan Fangio,Argentine
godia,Paco Godia,Spanish
collins,Peter Collins,British
kavanagh,Ken Kavanagh,Australian
gerini,Gerino Gerini,Italian
kessler,Bruce Kessler,American
emery,Paul Emery,British
piotti,Luigi Piotti,Italian
ecclestone,Bernie Ecclestone,British
taramazzo,Luigi Taramazzo,Italian
chiron,Louis Chiron,Monegasque
lewis-evans,Stuart Lewis-Evans,British
george_amick,George Amick,American
reece,Jimmy Reece,American
parsons,Johnnie Parsons,American
tolan,Johnnie Tolan,American
garrett,Billy Garrett,American
elisian,Ed Elisian,American
connor,Pat O'Connor,American
jerry_unser,Jerry Unser,American
bisch,Art Bisch,American
goethals,Christian Goethals,Belgian
gibson,Dick Gibson,British
la_caze,Robert La Caze,French
guelfi,André Guelfi,French
picard,François Picard,French
bridger,Tom Bridger,British
portago,Alfonso de Portago,Spanish
perdisa,Cesare Perdisa,Italian
castellotti,Eugenio Castellotti,Italian
simon,André Simon,French
leston,Les Leston,British
hanks,Sam Hanks,American
linden,Andy Linden,American
teague,Marshall Teague,American
edmunds,Don Edmunds,American
agabashian,Fred Agabashian,American
george,Elmer George,American
macdowel,Mike MacDowel,British
mackay-fraser,Herbert MacKay-Fraser,American
gerard,Bob Gerard,British
maglioli,Umberto Maglioli,Italian
england,Paul England,Australian
landi,Chico Landi,Brazilian
uria,Alberto Uria,Uruguayan
ramos,Hernando da Silva Ramos,Brazilian
bayol,Élie Bayol,French
manzon,Robert Manzon,French
rosier,Louis Rosier,French
sweikert,Bob Sweikert,American
griffith,Cliff Griffith,American
dinsmore,Duke Dinsmore,American
andrews,Keith Andrews,American
frere,Paul Frère,Belgian
villoresi,Luigi Villoresi,Italian
scotti,Piero Scotti,Italian
chapman,Colin Chapman,British
titterington,Desmond Titterington,British
scott_Brown,Archie Scott Brown,British
volonterio,Ottorino Volonterio,Swiss
milhoux,André Milhoux,Belgian
graffenried,Toulo de Graffenried,Swiss
taruffi,Piero Taruffi,Italian
farina,Nino Farina,Italian
mieres,Roberto Mieres,Argentine
mantovani,Sergio Mantovani,Italian
bucci,Clemar Bucci,Argentine
iglesias,Jesús Iglesias,Argentine
ascari,Alberto Ascari,Italian
kling,Karl Kling,German
birger,Pablo Birger,Argentine
pollet,Jacques Pollet,French
macklin,Lance Macklin,British
whiteaway,Ted Whiteaway,British
davies,Jimmy Davies,American
faulkner,Walt Faulkner,American
niday,Cal Niday,American
cross,Art Cross,American
vukovich,Bill Vukovich,American
mcgrath,Jack McGrath,American
hoyt,Jerry Hoyt,American
claes,Johnny Claes,Belgian
peter_walker,Peter Walker,British
sparken,Mike Sparken,French
wharton,Ken Wharton,British
mcalpine,Kenneth McAlpine,British
marr,Leslie Marr,British
rolt,Tony Rolt,British
fitch,John Fitch,American
lucas,Jean Lucas,French
bira,Prince Bira,Thai
marimon,Onofre Marimón,Argentine
loyer,Roger Loyer,French
daponte,Jorge Daponte,Argentine
nazaruk,Mike Nazaruk,American
crockett,Larry Crockett,American
ayulo,Manny Ayulo,American
armi,Frank Armi,American
webb,Travis Webb,American
duncan,Len Duncan,American
mccoy,Ernie McCoy,American
swaters,Jacques Swaters,American
georges_berger,Georges Berger,Belgian
beauman,Don Beauman,British
thorne,Leslie Thorne,British
whitehouse,Bill Whitehouse,British
riseley_prichard,John Riseley-Prichard,British
reg_parnell,Reg Parnell,British
whitehead,Peter Whitehead,British
brandon,Eric Brandon,British
alan_brown,Alan Brown,British
nuckey,Rodney Nuckey,British
lang,Hermann Lang,German
helfrich,Theo Helfrich,German
wacker,Fred Wacker,American
riu,Giovanni de Riu,Italian
galvez,Oscar Gálvez,Argentine
john_barber,John Barber,British
bonetto,Felice Bonetto,Italian
cruz,Adolfo Cruz,Argentine
nalon,Duke Nalon,American
scarborough,Carl Scarborough,American
holland,Bill Holland,American
bob_scott,Bob Scott,American
legat,Arthur Legat,Belgian
cabantous,Yves Cabantous,French
crook,Tony Crook,British
jimmy_stewart,Jimmy Stewart,British
ian_stewart,Ian Stewart,British
duncan_hamilton,Duncan Hamilton,British
klodwig,Ernst Klodwig,East German
krause,Rudolf Krause,East German
karch,Oswald Karch,German
heeks,Willi Heeks,German
fitzau,Theo Fitzau,East German
adolff,Kurt Adolff,German
bechem,Günther Bechem,German
bauer,Erwin Bauer,German
hans_stuck,Hans von Stuck,German
loof,Ernst Loof,German
scherrer,Albert Scherrer,Swiss
terra,Max de Terra,Swiss
hirt,Peter Hirt,Swiss
carini,Piero Carini,Italian
fischer,Rudi Fischer,Swiss
ulmen,Toni Ulmen,German
abecassis,George Abecassis,British
george_connor,George Connor,American
rigsby,Jim Rigsby,American
james,Joe James,American
schindler,Bill Schindler,American
fonder,George Fonder,American
banks,Henry Banks,American
mcdowell,Johnny McDowell,American
miller,Chet Miller,American
ball,Bobby Ball,American
tornaco,Charles de Tornaco,Belgian
laurent,Roger Laurent,Belgian
obrien,Robert O'Brien,American
gaze,Tony Gaze,Australian
charrington,Robin Montgomerie-Charrington,British
comotti,Franco Comotti,Italian
etancelin,Philippe Étancelin,French
poore,Dennis Poore,British
thompson,Eric Thompson,British
downing,Ken Downing,British
graham_whitehead,Graham Whitehead,British
bianco,Gino Bianco,Brazilian
murray,David Murray,British
cantoni,Eitel Cantoni,Uruguayan
aston,Bill Aston,British
brudes,Adolf Brudes,German
riess,Fritz Riess,German
niedermayr,Helmut Niedermayr,German
klenk,Hans Klenk,German
balsa,Marcel Balsa,French
schoeller,Rudolf Schoeller,Swiss
pietsch,Paul Pietsch,German
peters,Josef Peters,German
lof,Dries van der Lof,Dutch
flinterman,Jan Flinterman,Dutch
dusio,Piero Dusio,Italian
crespo,Alberto Crespo,Argentine
rol,Franco Rol,Italian
sanesi,Consalvo Sanesi,Italian
guy_mairesse,Guy Mairesse,French
louveau,Henri Louveau,French
wallard,Lee Wallard,American
forberg,Carl Forberg,American
rose,Mauri Rose,American
mackey,Bill Mackey,American
green,Cecil Green,American
walt_brown,Walt Brown,American
hellings,Mack Hellings,American
levegh,Pierre Levegh,French
chaboud,Eugène Chaboud,French
gordini,Aldo Gordini,French
kelly,Joe Kelly,Irish
parker,Philip Fotheringham-Parker,British
shawe_taylor,Brian Shawe Taylor,British
john_james,John James,British
branca,Toni Branca,Swiss
richardson,Ken Richardson,British
jover,Juan Jover,Spanish
grignard,Georges Grignard,French
hampshire,David Hampshire,British
crossley,Geoff Crossley,British
fagioli,Luigi Fagioli,Italian
harrison,Cuth Harrison,British
fry,Joe Fry,British
martin,Eugène Martin,French
leslie_johnson,Leslie Johnson,British
biondetti,Clemente Biondetti,Italian
pian,Alfredo Pián,Argentine
sommer,Raymond Sommer,French
chitwood,Joie Chitwood,American
fohr,Myron Fohr,American
ader,Walt Ader,American
holmes,Jackie Holmes,American
levrett,Bayliss Levrett,American
jackson,Jimmy Jackson,American
pagani,Nello Pagani,Italian
pozzi,Charles Pozzi,French
serafini,Dorino Serafini,Italian
cantrell,Bill Cantrell,American
mantz,Johnny Mantz,American
kladis,Danny Kladis,American
oscar_gonzalez,Óscar González,Uruguayan
hulkenberg,Nico Hülkenberg,German
petrov,Vitaly Petrov,Russian
grassi,Lucas di Grassi,Brazilian
bruno_senna,Bruno Senna,Brazilian
chandhok,Karun Chandhok,Indian
maldonado,Pastor Maldonado,Venezuelan
resta,Paul di Resta,British
perez,Sergio Pérez,Mexican
ambrosio,Jérôme d'Ambrosio,Belgian
ricciardo,Daniel Ricciardo,Australian
vergne,Jean-Éric Vergne,French
pic,Charles Pic,French
chilton,Max Chilton,British
gutierrez,Esteban Gutiérrez,Mexican
bottas,Valtteri Bottas,Finnish
garde,Giedo van der Garde,Dutch
jules_bianchi,Jules Bianchi,French
kevin_magnussen,Kevin Magnussen,Danish
kvyat,Daniil Kvyat,Russian
lotterer,André Lotterer,German
ericsson,Marcus Ericsson,Swedish
stevens,Will Stevens,British
max_verstappen,Max Verstappen,Dutch
nasr,Felipe Nasr,Brazilian
sainz,Carlos Sainz,Spanish
merhi,Roberto Merhi,Spanish
rossi,Alexander Rossi,American
jolyon_palmer,Jolyon Palmer,British
wehrlein,Pascal Wehrlein,German
haryanto,Rio Haryanto,Indonesian
vandoorne,Stoffel Vandoorne,Belgian
ocon,Esteban Ocon,French
stroll,Lance Stroll,Canadian
giovinazzi,Antonio Giovinazzi,Italian
brendon_hartley,Brendon Hartley,New Zealander
leclerc,Charles Leclerc,Monegasque
sirotkin,Sergey Sirotkin,Russian
norris,Lando Norris,British
russell,George Russell,British
albon,Alexander Albon,Thai
